job_id,job_position,company_name,clean_job_description,city,region,country,post_year,post_month,post_day
3835713747,data scientist,avenue code,"About the company: Avenue Code is the leading software consultancy focused on delivering end-to-end development solutions for digital transformation across every vertical. We‚Äôre privately held, profitable, and have been on a solid growth trajectory since day one. We care deeply about our clients, our partners, and our people. We prefer the word ‚Äòpartner‚Äô over ‚Äòvendor‚Äô, and our investment in professional relationships is a reflection of that philosophy. We pride ourselves on our technical acumen, our collaborative problem-solving ability, and the warm professionalism of our teams. More than 3 years of working on diversity and inclusion strategies, Avenue Code still believes that recognizing the difference and promoting a safe place, job opportunities, representativeness, and support is the best way to make the social transformation happen. All job openings aim to promote employment and recognition of diversity pillars. About the opportunity: We‚Äôre looking for a passionate, hard-working, and talented Data Scientist with skills in Python to join an industrial plant production optimization project. It‚Äôs a hybrid position for Lisbon. Responsibilities: ‚Äì Individual Plant Model Setup: ‚Äì Adapt plant model structures based on specific plant data; ‚Äì Analyze past operation data, check limits, and update regression lines; ‚Äì Data Validation and Testing: ‚Äì Validate business data against past operations data, ensuring compliance with upper and lower limits, ramping speeds, etc; ‚Äì Test optimization models against historical data and the plant model; ‚Äì Technical Integration: ‚Äì Coordinate the technical integration process, including connections to Historian, LMPC, etc; ‚Äì Communication and Coordination: ‚Äì Engage in effective communication with business and ROC (Remote Operations Center) regarding assumptions, constraints, and test results; ‚Äì Support value estimation by running scenarios against simulations and past data; ‚Äì Test Management: ‚Äì Manage tests, ensuring execution and thorough analysis; ‚Äì Perform self-driven checks, interpret test results, and propose improvement actions; ‚Äì Continuous Optimization: ‚Äì Establish and maintain optimization models to run continuously; ‚Äì Monitor run performance and take proactive actions if runs deviate from expectations; ‚Äì Reporting and Alignment: ‚Äì Provide self-driven status reports on plant optimization; ‚Äì Align development actions with project management for seamless integration. Required Qualifications: ‚Äì Knowledge of coding in Python ‚Äì Skills in data analysis &amp; visualization (Python based) ‚Äì Knowledge of regression &amp; linear optimization (Python based, SKLearn) ‚Äì Advanced english Nice to Have:",lisbon,lisbon,lisbon,2024,2,20
3764982974,machine learning developer,mindpal,We are looking for Machine Learning Developer Job Responsibilities Working on machine learning projects Analyzing and processing data to create machine learning models Implementing and optimizing machine learning algorithms Testing and evaluating models Collaborating with the programming team and other departments within the company to develop innovative solutions Requirements Minimum 2 years of experience in the field of machine learning Knowledge of machine learning algorithms and techniques Ability to analyze and process data Familiarity with machine learning tools and technologies Proficient in English communication Education in computer science We Offer B2B contract type Full-time employment Remote and flexible working hours,d√ºsseldorf,north rhinewestphalia,germany,2023,11,14
3820245019,junior data scientist (rif 202437),aizoon technology consulting,"aizoOn, societ√† di consulenza tecnologica di innovazione, indipendente, che opera a livello globale ricerca un / a Junior Data Scientist. Il/la candidato/a sar√† inserito/a all‚Äôinterno della Divisione Digital Engineering and Innovation di aizoOn , e ‚Äì con il ruolo di Junior Data Scientist ‚Äì parteciper√† ad un progetto finalizzato allo sviluppo di nuovi servizi basati su algoritmi di apprendimento automatico e sull‚Äô analisi di dati relativi a veicoli pesanti, medi e leggeri connessi (elettrici, a gas e diesel), per un importante cliente internazionale del settore Transportation. I principali ambiti di intervento sono: - analisi geospaziale dei percorsi GPS (ad esempio, identificazione dei percorsi pi√π frequenti e dei luoghi di interesse, sviluppo di algoritmi di routing) - manutenzione predittiva e proattiva dei componenti dei veicoli per evitare guasti e fermate non programmate. - supporto nell‚Äôesecuzione di analisi guidate dai dati per prendere decisioni strategiche informate - miglioramento dei modelli generativi pre-addestrati attraverso la messa a punto degli stessi, al fine di ottimizzare la condivisione delle conoscenze all'interno dell'organizzazione - sviluppo di modelli di apprendimento automatico per il rilevamento di anomalie nelle serie temporali. - supporto ai reparti Qualit√† e Customer Center PROFILO Laurea magistrale in discipline tecnico-scientifiche (preferibilmente Statistica, Data Science, Matematica, Fisica, Informatica) Background in statistica, analisi delle serie temporali, matematica e programmazione Fluente conoscenza della lingua inglese COMPETENZE TECNICHE Conoscenza e pregressa esperienza di programmazione con Python, Spark e SQL Conoscenza di base dei principali algoritmi di Machine Learning ed esperienza con le relative librerie Python (scikit-learn, tensorflow, keras, pytorch) Conoscenze in ambito Data Mining (es. identificazione di modelli e tendenze in grandi insiemi di dati per estrarre informazioni) Rappresentano requisiti preferenziali : - Conoscenza di base della piattaforma Databricks - Tools per la visualizzazione dei dati uquali Matplotlib, Seaborn, ggplot o plotly - Familiarit√† con piattaforme Cloud (AWS, MS Azure o Google Cloud). - Conoscenza dell'uso di strumenti di versionamento come GitHub e GitLab. - Conoscenza dell'architettura di Large Language Models",turin,piedmont,italy,2024,2,28
3840481022,data scientist junior,axitea spa,"Partner di riferimento per la sicurezza integrata e gestita di aziende come AC Milan, BNL, Comune di Milano, Bomi Group, Axitea progetta, realizza e sviluppa le soluzioni pi√π adeguate ai bisogni del cliente e alle sue esigenze di sicurezza fisica e informatica. L'innovazione applicata alla sicurezza √® uno dei nostri principali driver: ci consente sempre di essere sempre due passi in avanti! Per il nostro Team Digital Trasformation &amp; Innovation ricerchiamo un/una brillante neolaureato/a da inserire in stage. La figura ricercata sar√† coinvolta nelle seguenti attivit√†: integrare dati da fonti diverse, normalizzarle, arricchirle, validarle, trasformarle, aggregarle; supportare l‚Äôevoluzione e la manutenzione del DWH aziendale e dei flussi alimentanti; collaborare con data analyst e data engineer a progetti di reportistica, business intelligence, advanced analytics e machine learning; Predisporre e fornire la reportistica verso soggetti interni od esterni all‚Äôazienda, evidenziando i KPI richiesti e proponendo KPI alternativi sulla base delle evidenze raccolte; Identificare modalit√† per migliorare l'affidabilit√†, l'efficienza e la qualit√† dei dati. REQUISITI RICHIESTI: Laurea in Ingegneria, Matematica, Informatica. Passione per il mondo dei dati e dell'informatica. Buona conoscenza di SQL e Python. Buona capacit√† di modellazione dati e analisi architetture dat. Buona conoscenza della lingua inglese. Stiamo ricercando una persona con spiccate capacit√† di analisi e sintesi, doti relazionali ed organizzative, orientamento ai risultatii e tenacia realizzativa. Completano il profilo precisione e forte senso di responsabilit√†. OFFERTA: Contratto di lavoro: Stage di 6 mesi con possibilit√† di inserimento in azienda. Rimborso spese: 600‚Ç¨ Sede di lavoro: Milano (zona Certosa). Al centro del nostro successo ci sono le Persone e, insieme a loro, la condivisione di Valori comuni quali: collaborazione; cliente al centro; guardare avanti; imprenditorialit√†; passione per l'eccellenza. La ricerca √® aperta a entrambi i sessi. I candidati sono pregati di inviare il CV esprimendo il proprio consenso al trattamento dei dati personali ai sensi del Decreto Legislativo 101/2018 e dell'art. 13 GDPR (Regolamento UE 2016/679) ai fini della ricerca e selezione del personale.",milan,lombardy,italy,2024,2,28
3764985452,machine learning developer,mindpal,We are looking for Machine Learning Developer Job Responsibilities Working on machine learning projects Analyzing and processing data to create machine learning models Implementing and optimizing machine learning algorithms Testing and evaluating models Collaborating with the programming team and other departments within the company to develop innovative solutions Requirements Minimum 2 years of experience in the field of machine learning Knowledge of machine learning algorithms and techniques Ability to analyze and process data Familiarity with machine learning tools and technologies Proficient in English communication Education in computer science We Offer B2B contract type Full-time employment Remote and flexible working hours,vilnius,vilniaus,lithuania,2023,11,14
3802313207,machine learning engineer (m/f/d),linde,"Linde Portugal, LDA Machine Learning Engineer (m/f/d) Lisbon, Portugal | req15380 What You Will Enjoy Doing You will develop, train, test and deploy machine learning models in various fields (computer vision, NLP, tabular and time series data‚Ä¶) Your main task will be to investigate novel deep learning based technologies (self-supervised learning, generative AI‚Ä¶) and bring them to production Further you are responsible for setting up the MLOps infrastructure for existing and new AI products You will work directly with customer data and set up data pipelines to collect, curate, transform and version data What Makes You Great You graduated from a M.Sc. program in computer science or equivalent You have experience in training and deploying neural networks and have practical hands-on experience with deep learning frameworks like PyTorch and Tensorflow Having experience in backend and API development with Python (FastAPI, Flask) or similar is part of your profile You demonstrate excellent knowledge of and practical experience with Object Oriented Programming, design patterns, algorithms and data structures, version control systems (e.g. Git) You have gained experience with cloud platforms (e.g. Azure) and Docker. Kubernetes is a plus Why you will love working with us Thinking outside of the box, working on new topics and concepts, deliver great solutions to our internal customers is essential to bring success to our business. Our company will offer you a variety of possibilities to excel in your area of expertise. You will contribute towards making Linde an inclusive and diverse organization, creating innovative practices and fostering an environment that welcomes all differences ‚Äì making Linde an employer of choice. Linde acts responsibly towards its shareholders, business partners, employees, society and the environment in every one of its business areas, regions and locations across the globe. The company is committed to technologies and products that unite the goals of customer value and sustainable development. What we offer you! At Linde, the sky is not the limit. If you‚Äôre looking to build a career where your work reaches beyond your job description and betters the people with whom you work, the communities we serve, and the world in which we all live, at Linde, your opportunities are limitless. Be Linde. Be Limitless. This role is a full time position based on an unlimited contract. The standard weekly working hours will be from 09:00 hrs till 18:00 hrs. Have we inspired you? We are looking forward to receiving your complete application (motivation letter, CV, certificates) via our online job market. Your contact person Linde GmbH, Corporate Office Amine Kechaou +49 174 186 3181 Any designations used of course apply to persons of all genders. The form of speech used here is for simplicity only.",lisboa,lisbon,portugal,2024,1,9
3764989088,machine learning developer,mindpal,We are looking for Machine Learning Developer Job Responsibilities Working on machine learning projects Analyzing and processing data to create machine learning models Implementing and optimizing machine learning algorithms Testing and evaluating models Collaborating with the programming team and other departments within the company to develop innovative solutions Requirements Minimum 2 years of experience in the field of machine learning Knowledge of machine learning algorithms and techniques Ability to analyze and process data Familiarity with machine learning tools and technologies Proficient in English communication Education in computer science We Offer B2B contract type Full-time employment Remote and flexible working hours,utrecht,utrecht,netherlands,2023,11,14
3764990012,machine learning developer,mindpal,We are looking for Machine Learning Developer Job Responsibilities Working on machine learning projects Analyzing and processing data to create machine learning models Implementing and optimizing machine learning algorithms Testing and evaluating models Collaborating with the programming team and other departments within the company to develop innovative solutions Requirements Minimum 2 years of experience in the field of machine learning Knowledge of machine learning algorithms and techniques Ability to analyze and process data Familiarity with machine learning tools and technologies Proficient in English communication Education in computer science We Offer B2B contract type Full-time employment Remote and flexible working hours,prague,prague,czechia,2023,11,14
3665980036,machine learning engineer,artemest,"Artemest is a digital destination that offers unrivalled access to the world of Italian craftsmanship and design. Serving an audience of design professionals and enthusiasts, our sophisticated platform showcases over 60,000 products designed and handmade in Italy by 1,500 of the country‚Äôs most talented artisans. Our tightly curated collection spans furniture, lighting, d√©cor, tabletop, art and lifestyle objects handpicked by our discerning team. Each storied piece has a unique beauty and incomparable quality that reveals the skill and knowledge of its maker. CEO Marco Credendino and Creative Director Ippolita Rostagno launched Artemest in 2015 with a shared vision to bring the work of Italian artisans to the world stage. Headquartered in Milan, Italy, with a physical gallery, Artemest Galleria, in West Chelsea, New York, Artemest continues to grow its community while preserving Italian craft traditions. Posizione: Artemest is looking for a clear thinking, organized and enthusiastic self-starter to work as a ML engineer. The position will be closely collaborating with data science, tech and the key business stakeholders, to deliver models that will help the business scale faster. Previous experience in creating and maintaining complex models, ideally working on ecommerce contexts. The successful candidate is a precise, data driven person, with a superior level of attention to details. What will be your key responsibilities? Designing, developing and productionizing ML models Studying, transforming, and converting data science prototypes Performing statistical analysis and using results to improve models Training and retraining ML systems and models as needed Identifying differences in data distribution that could affect model performance in real-world situations Visualizing data for deeper insights Understanding when your findings can be applied to business decisions Enriching existing ML frameworks and libraries Verifying data quality and/or ensuring it via data cleaning Requisiti: Who are we looking for? Proven experience as a Machine Learning Engineer or similar role Understanding of data structures, data modeling and software architecture Deep knowledge of math, probability, statistics and algorithms Ability to write robust code in Python and R Familiarity with machine learning frameworks Excellent communication skills Previous Ecommerce experience is a plus Altre informazioni: What Artemest offers: Permanent contract Salary offer depending on the candidate‚Äôs experience and expertise Professional growth and salary review based on skills‚Äô improvement Being among the first members of the internal technology team and proactively influencing technological stack choices Working in an international context, in collaboration with a technology remote team Training and updating through the participation at IT events and conferences Our Perks Inspiring Professionals. You will have the chance to learn and grow thanks to a Management team with a solid professional experience and a strong charisma Entrepreneurial mentality. We‚Äôre always looking for people eager to step up their tasks and skills. Innovative and tech-oriented environment. We‚Äôre changing the way people buy, sell, and perceive luxury",bologna,emiliaromagna,italy,2023,6,19
3840008580,two 12month research assistant positions on programmable data planes and mlbased network intrusion detection,universit√† degli studi di milanobicocca,"About the job In the framework of the SHIELDED (Secure, Trustworthy, and Efficient Federated Learning for Intrusion Detection at the Edge) project two 12-month Research Assistant position are open at the University of Milano-Bicocca, Milan, Italy. The two positions are related to: Programmable Data Planes ( Position 1 ) ML-Based Network Intrusion Detection ( Position 2 ) Starting date May 1, 2024 &nbsp; Formal interview March 28, 2024 SHIELDED project description Next-generation networks include a vast amount of novel hardware, including smart Internet-of-things (IoT) devices, programmable network hardware, and computation-capable edge nodes. As the flip-side of their unprecedented capabilities, such devices ‚Äì and the network they form ‚Äì are vulnerable to a wide set of security attacks. To complicate matters further, attackers of all kinds are constantly hard at work to create new attacks, making the set of threats to defend from both vast and unbounded. In this context, SHIELDED aims to leverage the novel capabilities of next-generation networks ‚Äì the same that are exploited by attackers ‚Äì to make them able to detect and withstand the wide, open-ended set of threats they are beleaguered by. To this end, SHIELDED advances the state of the art along three main Directions: Extracting from network nodes, not only in the control plane but also in the programmable data plane, all the information necessary to gauge the state of the network, its traffic, and its end devices; Processing such information at the edge through secure and trustworthy artificial intelligence, namely, adopting the federated learning (FL) paradigm, so as to efficiently combine information coming from all peripheral parts of the network to build robust and explainable models, resistant to novel and adversarial attacks; Thanks to an orchestration layer, performing all these operations in the most efficient manner, i.e., with the smallest energy consumption and cost, selecting the most suitable hardware for each operation to perform, and configuring the network accordingly. Positions details The first position ( Position 1 ), named&nbsp;"" Definition of efficient feature extraction techniques from network packets for network intrusion detection "", is mainly related to Direction 1 introduced above. The candidate will leverage the capabilities of next-generation networks to improve the state of the art in feature extraction from packets traversing network nodes (switches) with programmable data planes using the P4 language , and optimizing the subsequent forwarding of these features to an ML model in the control plane for training and inference stages. The second position ( Position 2 ), named "" Definition of efficient federated learning techniques for network intrusion detection "", is mainly related to Direction 2 introduced above. The candidate will leverage the capabilities of next-generation networks to improve the state of the art in the elaboration of traffic features using federated learning methods . In this way, it will be possible to efficiently combine information from all peripheral zones of the infrastructure to build robust and reliable machine learning models , enabling the possibility of performing open-set classification to detect classes of unknown inputs (such as zero-day attacks). Involved research units The SHIELDED project involves the University of Milano-Bicocca (Milan, Italy), Politecnico di Milano (Milan, Italy) and National Research Council (CNR, Turin, Italy) . The candidates for both positions will work at the Department of Computer Science, Systems and Communication (DISCo) of the University of Milano-Bicocca (Milan, Italy), but will have frequent contact with other researchers working on the same project in the other research institutions of the consortium. Required skills The ideal candidate should have a Ph.D. in Information Technology or related disciplines (however, this is not a mandatory requirement, also a Master's Degree in these disciplines will be considered). The candidate for the first position ( Position 1 ) should have working/research experience on topics related to Software-Defined Networking. Any experience on Programmable Data Planes (P4 and/or eBPF) will be considered a plus. The candidate for the second position ( Position 2 ) should have working/research experience in topics related to Machine Learning applied to Networking. Any experience on Trustworthy Machine Learning will be considered a plus. Contract type and salary For both positions ( Position 1 and Position 2 ) the contract will be a 12-month, full-time, non-permanent contract. In both cases, the salary is approximately EUR 1,500 worth net per month. Working place The candidates for both positions ( Position 1 and Position 2 ) will be part of the Real-time Events and Decision Support (REDS) Lab (http://reds.disco.unimib.it/) of the DISCo Department at the University of Milano-Bicocca (Milan, Italy). The supervisor will be Dr. Marco Savi (https://www.unimib.it/marco-savi). Starting date Both positions ( Position 1 and Position 2 ) will be officially advertised in March 2024. The actual start of the contract will be on May 1, 2024. How to apply To express your interest in any of the two position, please send an e-mail complete with a brief motivation letter and CV directly to Dr. Marco Savi (marco[dot]savi[at]unimib.it). Please indicate for what position ( Position 1 or Position 2 ) you are expressing your interest . Languages English (knowledge of Italian is appreciated but not mandatory) Level: Good/Excellent ________________________________________________ IMPORTANT! The application must be sent via e-mail according to the ""How to apply"" instructions, otherwise it will not be kept into consideration.",milan,lombardy,italy,2024,2,28
3764984857,machine learning developer,mindpal,We are looking for Machine Learning Developer Job Responsibilities Working on machine learning projects Analyzing and processing data to create machine learning models Implementing and optimizing machine learning algorithms Testing and evaluating models Collaborating with the programming team and other departments within the company to develop innovative solutions Requirements Minimum 2 years of experience in the field of machine learning Knowledge of machine learning algorithms and techniques Ability to analyze and process data Familiarity with machine learning tools and technologies Proficient in English communication Education in computer science We Offer B2B contract type Full-time employment Remote and flexible working hours,aarhus,middle jutland,denmark,2023,11,14
3812967569,principal data scientist  machine learning (f/m/d),almedia,"Almedia helps leading brands in the digital space to acquire new customers. Via our platforms, users find and test the latest games, apps, and products for rewards. With more than 11 million users since its launch in 2020, our brand Freecash.com is one of the fastest-growing providers and a leader in our industry. Our mission is to provide a win-win experience for both users and advertisers. We are looking for a Principal Data Scientist to join our rapidly growing team in Berlin. Responsibilities Lead the establishment of the organization‚Äôs data science discipline and take ownership of the company‚Äôs data science strategy Identify high-value ML business opportunities and work with both business and technical stakeholders to realize business benefit Deliver and deploy end-to-end machine-learning models, build measurement plans, learn and iterate to drive results Apply a solid statistical mindset and best practices, in the process of model development, deployment, and evolution Deeply understand the data and customer and business problems, in order to more closely align machine-learning model objectives and develop the best features and models to predict them Collaborate effectively with cross-functional teams, including product managers, engineers, business developers, and user acquisition channel managers Requirements 6+ years of work experience, with at least 4 years of industry experience in developing machine-learning models, and ideally leading projects and small teams Degree in computer science, mathematics, economics, statistics, or other quantitative fields of study Expertise in building, deploying, measuring, and maintaining machine learning models to address real-world problems Strong statistical knowledge (A/B tests, probability, regression) A combination of Python, SQL, and cloud experience is essential Excellent communication skills, with the ability to present complex findings in a clear and concise manner Preference for candidates with backgrounds in ad tech, gaming, or marketing Benefits An opportunity to work in an innovative, high-growth startup that has been profitable from day one Highly competitive compensation package A fast-paced and inclusive work environment in a team of highly motivated professionals Continuous learning and development opportunities Flexible work arrangements and a modern office space in the heart of Berlin",berlin,berlin,germany,2024,1,23
3764983995,machine learning developer,mindpal,We are looking for Machine Learning Developer Job Responsibilities Working on machine learning projects Analyzing and processing data to create machine learning models Implementing and optimizing machine learning algorithms Testing and evaluating models Collaborating with the programming team and other departments within the company to develop innovative solutions Requirements Minimum 2 years of experience in the field of machine learning Knowledge of machine learning algorithms and techniques Ability to analyze and process data Familiarity with machine learning tools and technologies Proficient in English communication Education in computer science We Offer B2B contract type Full-time employment Remote and flexible working hours,hamburg,hamburg,germany,2023,11,14
3764983997,machine learning developer,mindpal,We are looking for Machine Learning Developer Job Responsibilities Working on machine learning projects Analyzing and processing data to create machine learning models Implementing and optimizing machine learning algorithms Testing and evaluating models Collaborating with the programming team and other departments within the company to develop innovative solutions Requirements Minimum 2 years of experience in the field of machine learning Knowledge of machine learning algorithms and techniques Ability to analyze and process data Familiarity with machine learning tools and technologies Proficient in English communication Education in computer science We Offer B2B contract type Full-time employment Remote and flexible working hours,echterdingen,badenw√ºrttemberg,germany,2023,11,14
3817598289,junior data scientist  automation/machine learning/ai,ingo,"Perch√© scegliere INGO come esperienza di lavoro? Perch√© crediamo fortemente che i giovani possano dare un grosso valore aggiunto e abbiamo bisogno delle tue idee brillanti per essere ancora pi√π efficienti Perch√© siamo flessibili, dinamici, utilizziamo molto lo smart working e abbiamo il week end che dura pi√π di due giorni Perch√© siamo tanti, ma mai abbastanza per portare avanti tutti i progetti che abbiamo in mente, motivo per cui abbiamo bisogno di te Perch√© portiamo avanti tante iniziative che hanno un impatto positivo sulla biosfera Perch√© abbiamo uffici innovativi e lavoriamo in condivisione Perch√© abbiamo diverse sedi e avrai la possibilit√† di spostarti e scoprire tutte le nostre realt√† Cosa farai? Sarai inserito all'interno dell'area Automation; insieme ai colleghi sviluppatori e data scientist, ti occuperai di analizzare e interpretare dati provenienti da varie fonti per identificare opportunit√† di automazione dei processi aziendali. Svilupperai modelli predittivi e classificatori utilizzando tecniche avanzate di machine learning e i principali provider di Intelligenza Artificiale. Inoltre, sarai anche responsabile di elaborare analisi statistiche approfondite per identificare tendenze e pattern rilevanti all'interno dei servizi attivati dall'area. Cosa devi avere per lavorare con noi? Laurea o equivalente in Statistica, Informatica, Ingegneria o campo correlato Competenze di programmazione, preferibilmente con conoscenza di Python Esperienza comprovata nel campo dell'analisi dei dati e dell'applicazione di tecniche di machine learning. Conoscenza approfondita dei principi statistici e delle metodologie di analisi. Buona conoscenza della lingua inglese (B2) Eccellenti capacit√† comunicative e capacit√† di lavorare in team. L‚ÄôEventuale esperienza maturata nell'automazione dei processi aziendali sar√† considerata un plus (requisito preferenziale). La nostra sede si trova a Paderno Dugnano , Via I Maggio 13 . L'attivit√† lavorativa verr√† svolta in modalit√† ibrida sede-smartworking. Se pensi di avere i requisiti sopra elencati e credi che l‚Äôinnovazione tecnologia, il rispetto della persona e l‚Äôautenticit√† delle relazioni definiscano il vantaggio competitivo aziendale, allora, vogliamo proprio te!",paderno dugnano,lombardy,italy,2024,1,15
3764986385,machine learning developer,mindpal,We are looking for Machine Learning Developer Job Responsibilities Working on machine learning projects Analyzing and processing data to create machine learning models Implementing and optimizing machine learning algorithms Testing and evaluating models Collaborating with the programming team and other departments within the company to develop innovative solutions Requirements Minimum 2 years of experience in the field of machine learning Knowledge of machine learning algorithms and techniques Ability to analyze and process data Familiarity with machine learning tools and technologies Proficient in English communication Education in computer science We Offer B2B contract type Full-time employment Remote and flexible working hours,amsterdam,north holland,netherlands,2023,11,14
3764987276,machine learning developer,mindpal,We are looking for Machine Learning Developer Job Responsibilities Working on machine learning projects Analyzing and processing data to create machine learning models Implementing and optimizing machine learning algorithms Testing and evaluating models Collaborating with the programming team and other departments within the company to develop innovative solutions Requirements Minimum 2 years of experience in the field of machine learning Knowledge of machine learning algorithms and techniques Ability to analyze and process data Familiarity with machine learning tools and technologies Proficient in English communication Education in computer science We Offer B2B contract type Full-time employment Remote and flexible working hours,barcelona,catalonia,spain,2023,11,14
3598181667,junior machine learning engineer,deligo vision technologies,"Deligo is an AI-first company: machine learning is not just an afterthought for us, but it‚Äôs at the heart of our product. We build the hardware that solves the customer problem, this allows us to develop a unique and proprietary dataset and build models that drive high-value functionality. Currently we are building visual product recognition for cafeterias. One of the challenges we face is that previously unseen items routinely appear during operation, thus we need to go beyond conventional ML techniques. Today we serve dozens of cafeterias across Europe with an ambition to scale globally and build solutions for other retail use cases. We are a repeat founding team with VC backing. Sounds interesting? Get in touch with us! Your contributions will be: Design with Product Managers computer vision based features that can accurately automate large parts of the contract catering checkout process. Develop scalable and robust computer vision algorithms that support these features. Design data collection and labeling workflows. Document every aspect of our application as a reference for future maintenance and upgrades. Qualifications: What you will need to be successful 2+ years relevant coding experience Strong background in Math and Statistics BSc degree in Computer Science or related field. Strong background in both classical and deep learning based Computer Vision Experience with ML tools and frameworks (PyTorch, TensorFlow) Strong written and verbal communication skills, as you will need to interface with functional leads in our product and sales organizations. Nice to have: MSc degree Prior CV/ML work experience (e.g. automated driving) Prior experience in MLOps, Cloud infrastructure, Few-Shot Learning What we offer: An opportunity to work in a small, multidisciplinary team to build the future of checkout. Joining at an early stage: you will have an outsized impact on the company Competitive salary and options in a small, rapidly scaling company Additional information: A few practical details about the role Start: As soon as you are ready! Location: Budapest or Remote Contract: Permanent contract Compensation: Competitive package based on experience",budapest,budapest,hungary,2023,5,5
3764988182,machine learning developer,mindpal,We are looking for Machine Learning Developer Job Responsibilities Working on machine learning projects Analyzing and processing data to create machine learning models Implementing and optimizing machine learning algorithms Testing and evaluating models Collaborating with the programming team and other departments within the company to develop innovative solutions Requirements Minimum 2 years of experience in the field of machine learning Knowledge of machine learning algorithms and techniques Ability to analyze and process data Familiarity with machine learning tools and technologies Proficient in English communication Education in computer science We Offer B2B contract type Full-time employment Remote and flexible working hours,munich,bavaria,germany,2023,11,14
3764989088,machine learning developer,mindpal,We are looking for Machine Learning Developer Job Responsibilities Working on machine learning projects Analyzing and processing data to create machine learning models Implementing and optimizing machine learning algorithms Testing and evaluating models Collaborating with the programming team and other departments within the company to develop innovative solutions Requirements Minimum 2 years of experience in the field of machine learning Knowledge of machine learning algorithms and techniques Ability to analyze and process data Familiarity with machine learning tools and technologies Proficient in English communication Education in computer science We Offer B2B contract type Full-time employment Remote and flexible working hours,utrecht,utrecht,netherlands,2023,11,14
3843138582,junior data scientist,n26,"About The Opportunity We are seeking a Junior Data Scientist to build production ready applications. Our Data Science team develops practical machine learning applications to enable innovative and customer-facing product features In This Role, You Will As a Junior Data Scientist, you will have a major impact on our data and modelling landscape and help us leverage the latest technologies to create effective data-driven products Define, create and deliver new machine learning models Work closely with multi-functional product teams and other data scientists to design and maintain scalable data products and pipelines Learn new machine learning approaches and develop your own areas of data science expertise What You Need To Be Successful Bachelor‚Äôs or Masters degree with a focus on quantitative disciplines including mathematics, physics, statistics, engineering or computer science First experience in applying data science successfully to business challenges Familiarity with underlying ML algorithms (linear/logistic regressions, decision trees, random forests, gradient boosting machines, neural networks‚Ä¶). Model explainability and interpretability Ability to explain concepts to other colleagues in a simple and clear manner Good programming skills - ideally in Python. SQL querying. Experience with common data science toolkits such as numpy, pandas, sklearn, tensorflow‚Ä¶ You are creative, organised, self-motivated and able to drive ambitious data science projects to success from conception through coding to deployment Language skills: English full professional proficiency Traits Actively help yourself (and others) be successful Continuously learn and challenge the status quo Think globally, act locally Strong bias for action Give and receive open, direct and timely feedback What‚Äôs In It For You Accelerate your career growth by joining one of Germany‚Äôs Top Startup Employers, named by LinkedIn three years in a row üöÄ Personal development budget, discounted public transit pass, German language classes, fitness memberships, childcare services, N26 premium bank card, employee loans, and your choice of a Mac or Windows laptop 26 vacation days per year, with an additional day for each year of service - up to 30 days A high degree of collaboration and autonomy while working with a group of international peers, getting things done attitude, and access to cutting edge technologies Rotating selection of hot and cold drinks and snacks in the office, Friday Celebrations once per month with pizza, wine, and beer, plus a monthly company-wide lunch and learn A relocation package with visa support for those who need it Who We Are N26 has reimagined banking for today‚Äôs digital world. Technology and design empower everything we do and it‚Äôs how we are building the global banking platform the world loves to use. We've eliminated physical branches, paperwork, and hidden fees for an elegant digital experience and supreme savings. Giving people the power to live and bank their way is what gets us out of bed in the morning and inspires the work that we do. N26 has international offices in Berlin, Barcelona, New York and Vienna. Sounds good? Apply now for this position. N26 is an equal opportunity employer and values diversity. We do not discriminate on the basis of race, religion, colour, national origin, gender, sexual orientation, age, marital status or disability status.",madrid,community of madrid,spain,2024,2,29
3764985444,machine learning developer,mindpal,We are looking for Machine Learning Developer Job Responsibilities Working on machine learning projects Analyzing and processing data to create machine learning models Implementing and optimizing machine learning algorithms Testing and evaluating models Collaborating with the programming team and other departments within the company to develop innovative solutions Requirements Minimum 2 years of experience in the field of machine learning Knowledge of machine learning algorithms and techniques Ability to analyze and process data Familiarity with machine learning tools and technologies Proficient in English communication Education in computer science We Offer B2B contract type Full-time employment Remote and flexible working hours,berlin,berlin,germany,2023,11,14
3764989081,machine learning developer,mindpal,We are looking for Machine Learning Developer Job Responsibilities Working on machine learning projects Analyzing and processing data to create machine learning models Implementing and optimizing machine learning algorithms Testing and evaluating models Collaborating with the programming team and other departments within the company to develop innovative solutions Requirements Minimum 2 years of experience in the field of machine learning Knowledge of machine learning algorithms and techniques Ability to analyze and process data Familiarity with machine learning tools and technologies Proficient in English communication Education in computer science We Offer B2B contract type Full-time employment Remote and flexible working hours,cologne,north rhinewestphalia,germany,2023,11,14
3834272691,machine learning engineer  nlp (m/f/d),certivity,"About The Job We are looking for a Machine Learning Engineer (f/m/d) with focus on Natural Language Processing to join our growing engineering team. Your mission Certivity is a tech startup that digitizes the way how product makers manage regulatory requirements to be compliant. In this role you will experiment with text generation, summarisation, search and question answering using the newest technologies. You will also transform successful experiments into product features loved by our customers. You will have a chance to apply cutting edge NLP techniques to real-world problems in the regulatory domain. As a part of our small (but growing) team you will have a unique opportunity to shape the product and the company. Your profile Your Profile You have a strong background in machine learning, theory, and practice You have demonstrable experience in setting up and conducting machine learning experiments You have hands-on experience implementing and maintaining production ML systems in Python. Experience with PyTorch, HuggingFace, LangChain and other NLP-related libraries is a plus. You have experience with at least one cloud platform, i.e. Microsoft Azure You write clear, well-tested and maintainable code Experience with UI development is a plus (i.e. Typescript, React) Fluent spoken and written English (company language is English) Why us? Founded in 2021, Certivity is a young startup in the field of RegTech (Regulatory Technology). Everyone in our team loves solving complex problems and is passionate about building software. You have the chance to work with industry experts in both software as well as regulatory domain to be onboarded with a super-fast learning curve. Apart From That We Offer Fair compensation, flexible working schedules, free choice of when and where you want to work Stock options to share in our company's success A mission-driven startup culture in a comfortable environment: we value leisure time, family, and friends &amp; open communication A team that is very welcoming to new members, we are embracing each other and learn from our mutual experiences, celebrate together, and have fun at work. Pick any laptop and we get it for you (MacBook Pro? Razer Blade? No problem!) Startup feeling in the Werksviertel in Munich@Werk1 or in Stuttgart@Steyg startup hubs with regular startup events Free drinks (water, tea, coffee, beer) and snacks in our offices Regular team events (eating out, karaoke) Young team, young software: your creativity and ideas make a difference right from the start! Closing We welcome candidates from all backgrounds and encourage diversity in our team. We encourage female engineers to apply and join our mission-driven culture that values open communication, work-life balance, and a welcoming environment. Convince us with your personality and your skills - and together we will make great things happen! About Us Founded in 2021, we at Certivity are a young, creative, and dynamic team of highly skilled domain experts working on innovative RegTech Software. Our solution will shape and define the term ‚ÄúRegTech‚Äù as we develop a completely new product for the highly complex and not yet digitized environment of product regulations. Our primary focus is the automotive industry, with options to expand to many other domains as well. Our B2B cloud platform bundles all relevant tasks for compliance with vehicle regulations and laws. For more information about us and our product have a look at our website.",munich,bavaria,germany,2024,1,31
3842996796,data scientist internship,sas,"CareerStart@sas Internship Program 2024 EMEA ASIA PACIFIC Nice to meet you! We‚Äôre the leader in analytics. Through our software and services, we inspire customers around the world to transform data into intelligence ‚Äì and questions into answers. We‚Äôre also a debt-free multi-billion-dollar organization on our path to IPO-readiness. If you‚Äôre looking for a dynamic, fulfilling internship coupled with flexibility and world-class employee experience, you‚Äôll find it here. What You‚Äôll Do Looking for *that* internship? The game-changing one that‚Äôll help you learn, grow, and chart your path forward? You‚Äôll find it at SAS. Our interns aren‚Äôt coffee runners ‚Äì they do real, meaningful work. Our award-winning internship program is focused on development, culture, and community. We‚Äôll help you grow professionally, find (or further) your passion, and make memorable connections. We‚Äôre looking for a Technical Consultant interns. The Technical Consultant has a very central role in the planning, design, installation, implementation and optimization of SAS solutions to various customers. You will be the one that sets up, configures and tweaks the software so that it runs as good as it can for the customer. Required Qualifications You‚Äôre curious, passionate, authentic, and accountable. These are our values and influence everything we do. Strong communication skills ‚Äì both written and verbal. Leadership abilities. Your past experiences demonstrate you‚Äôll take initiative and go above and beyond the call of duty. You‚Äôre interested in the future of Analytics and embrace technology. You‚Äôre a college student enrolled in an accredited program at the end of course. Or, you are a new graduate ready to start your internship. Target majors include all the STEM faculties, Quantitative Finance. We‚Äôre a global company, English is a key. Italian minimum at B2. Preferred Qualifications Basic knowledge of Python, R, SQL, SAS is preferred. Timeline Applications open: October 2023 Interviews begin: October 2023 on a rolling basis. Internship: April 2024- October 2024 Perks of the job Work with (and learn from) the best. As a SAS intern, you‚Äôll get face time with our top executives! Free SAS programming training and certification. At SAS, flexible work is the norm. Want to work remotely? That‚Äôs cool. Prefer a hybrid mix of sweatpants and in-person collaboration? That‚Äôs great, too. We work hard, but we like to play hard, too. Enjoy hackathons, social events and other opportunities to connect + engage. Your well-being matters, and that‚Äôs why we support all dimensions of your well-being by offering programs that reduce stress and distractions to help you stay healthy and productive. Diverse and inclusive At SAS, it‚Äôs not about fitting into our culture ‚Äì it‚Äôs about adding to it. We believe our people make the difference. Our diverse workforce brings together unique talents and inspires teams to create amazing software that reflects the diversity of our users and customers. Our commitment to diversity is a priority to our leadership, all the way up to the top; and it‚Äôs essential to who we are. To put it plainly: you are welcome here. Additional Information Equivalent combination of education, training and experience may be considered in place of the above qualifications. The level of this position will be determined based on the applicant's education, skills and experience. Resumes may be considered in the order they are received. SAS employees performing certain job functions may require access to technology or software subject to export or import regulations. To comply with these regulations, SAS may obtain nationality or citizenship information from applicants for employment. SAS collects this information solely for trade law compliance purposes and does not use it to discriminate unfairly in the hiring process. All valid SAS job openings are located on the Careers page at www.sas.com . SAS only sends emails from verified ‚Äúsas.com‚Äù email addresses and never asks for sensitive, personal information or money. Should you have any doubts about the authenticity of any type of communication from, for, or on behalf of SAS, please contact us at Recruitingsupport@sas.com before taking any further action.",milan,lombardy,italy,2024,2,29
3764987310,machine learning developer,mindpal,We are looking for Machine Learning Developer Job Responsibilities Working on machine learning projects Analyzing and processing data to create machine learning models Implementing and optimizing machine learning algorithms Testing and evaluating models Collaborating with the programming team and other departments within the company to develop innovative solutions Requirements Minimum 2 years of experience in the field of machine learning Knowledge of machine learning algorithms and techniques Ability to analyze and process data Familiarity with machine learning tools and technologies Proficient in English communication Education in computer science We Offer B2B contract type Full-time employment Remote and flexible working hours,tallinn,harjumaa,estonia,2023,11,14
3830015186,machine learning engineer,stafide,"We are in search of a passionate Machine Learning Engineer with a keen interest in computer vision. In an Azure cloud environment, youll be instrumental in building Advanced Analytics solutions, developing predictive models from vast data sets using cutting-edge computer vision techniques for applications based on real-time data. Furthermore, youll ensure these models are production-ready and deploy them via Cl/CD methodologies. Your expertise and collaborative spirit will be key as you: Develop predictive models and applications using computer vision. Analyze models in production to continuously enhance their performance. Write production-grade code that leverages real-time data, adding value to operations. Craft tests and document the code and architecture thoroughly. Deploy code and architecture to production through Cl/CD pipelines. Engage with business partners proactively to understand customer needs. Maintain a critical eye on product quality and stability, offering and implementing improvements. Requirements A completed technical Masters degree, preferably in AI, (applied) mathematics, data science, or computer science. A minimum of 3 years of relevant work experience in data science/Al with a specialization in computer vision. Proficiency in developing production-ready software and conducting thorough testing. Skilled Python, Git, pyTorch/ TensorFlow, OpenCV, Infrastructure as Code (Terraform, ARM/Bicep), Docker, Azure DevOps, Cl/CD. Solid understanding of computer science fundamentals (testing, design patterns, object-oriented programming, etc.). Experience with setting up (data science) cloud architecture within Microsoft Azure is a plus: Machine Learning workspace, Function App, Keyvault, Container registry, Log Analytics, Networking, etc. Familiarity with Agile and DevOps methodologies and the courage to take responsibility for shared sprint outcomes. The ability to explore alternative paths to achieve goals and remain steadfast under pressure. Additional Candidate Preferences: Location: We have a strong preference for candidates who are currently based in the Netherlands or within Europe. This facilitates a smoother transition and integration into our team given our operational locations and work culture. Visa Sponsorship: For international candidates not currently in the Netherlands, we are open to sponsoring visas. However, this offer extends specifically to those who have a minimum of one years experience working with a Dutch client. This criterion helps ensure that potential candidates are already familiar with the Dutch work environment and regulatory landscape, easing the onboarding process. Availability: Ideal candidates will be available to start immediately or within a 30-day period. We value the ability to mobilize quickly and integrate efficiently into our dynamic work environment, contributing to our ongoing projects without delay.",utrecht,utrecht,netherlands,2024,2,14
3841341377,machine/deep learning  computer vision intern,station f,"About At Scortex, we love factories. The smell of grease, the sparks of welding, the jingling of conveyor belts. We appreciate the beauty of a well-crafted industrial process, delivering value at a massive scale in the physical world. That is why we are pained to see manufacturing companies struggle with their quality. Throwing away parts by the thousands, or missing the needle in the haystack, letting faulty products slip through their tired eyes, despite all their efforts. We decided to solve this major headache of theirs, by building the required technology and making it accessible to everyone. Leveraging Machine Learning, Our Platform Allows Customers To detect faulty parts on a production line, automatically, in real-time, know and understand quality issues at a large scale, dynamically improve the quality of the production. We believe that the digitalization of manufacturing operations will provide unprecedented returns in quality, efficiency, and environmental impact. Scortex is a team of passionate and diverse individuals, working and learning together to deliver the best solution possible. A fast-growing organization, and unique blend of the tech and manufacturing world. Obviously, we have a flexible hybrid/remote work policy. Job Description As a proactive member of the machine learning and computer vision team, you will face and surmount a variety of challenges. Specifically, you will: Explore various state-of-the-art techniques to help solve tasks currently unbeaten by computers Stay on the bleeding edge of research and participate actively in the community Design and implement machine learning models that achieve outstanding defect-detection performance while simultaneously being light-weight enough to run in real-time on our embedded system. Help improve our data acquisition, training and inference pipelines Because of the current time required by the French administration to process visas and internship applications, this position is open only for students that are (I) enrolled in universities that can provide a french internship agreement and (II) do not require a visa to enter France and begin an internship. In addition, we are currently looking for students able to do a long term internship of 5 to 6 months. Preferred Experience In-depth knowledge of deep learning techniques applied to computer vision: deep convolutional networks, vision transformers, vision-language models, knowledge distillation Proficient knowledge of both supervised and unsupervised machine learning techniques: clustering, object detection, generative models, dimensionality reduction, anomaly detection Understanding of standard computer vision techniques : filtering, transformations, descriptors and detectors Knowledge and understanding of the mathematics underlying all of the above: probability and statistics, optimization, linear algebra, numerical computation Proven experience with at least one machine learning framework, preferably Pytorch Good programming and software engineering skills Experience with the unix environment Because of the current time required by the French administration to process visas and internship applications, this position is open only for students that are (I) enrolled in universities that can provide a french internship agreement and (II) do not require a visa to enter France and begin an internship. In addition, we are currently looking for students able to do a long term internship of 5 to 6 months. Recruitment Process Questionnaire -&gt; Intro call -&gt; Technical interview / Founder interview Additional Information Contract Type: Internship (Between 5 and 6 months) Location: Paris Education Level: Master's Degree",paris,√Æledefrance,france,2024,3,1
3832847383,junior data scientist (m/w/d),turbit,"Turbit develops and researches AI services for renewable energy assets. It has established itself as a market leader in AI-based operational management of wind turbines in Europe. Tasks Work in our core team as a Junior Data Scientist. Improve your Data Science skills within a large software project. Learn new machine learning and software engineering techniques from your team. Support your colleagues on exciting wind energy projects. Write test-driven code. Work with one of the most interesting and largest datasets in wind energy. Learn more about the operation of wind turbines by gaining deep insights into their data. Have an impact on thousands of wind turbines in Europe. Requirements You have just finished your degree in Computer Science, Physics, Mathematics, or a related field and your master's degree is no older than 2 years. You show excellent knowledge in data science, machine learning, and statistics. You are very familiar with the Python data science stack (pandas, numpy, scikit learn, tensorflow, ...). You love analytical thinking and have shown in the past that you are very good at it. You are passionate about renewable energy. You are excellent in written and spoken English. You have an open personality and positive charisma. Benefits You'll be part of a start-up making a significant impact. Our mission is to increase the efficiency of the renewable energy industry through our expertise in Data Analytics, Software Engineering, and Data Science. Your personal development has a very high priority for us. Beautiful modern office in the heart of Berlin. Home office and ""work from anywhere in Germany"" culture. Lunch Benefits. Regular Team Events. Be creative and bring your ideas to life in an environment that cherishes innovation. We are a diverse team that believes in the power of diverse people, perspectives, and experiences. Interested? Get in touch. Send us your application letter with a full CV and references/grades. We are looking forward to meeting you!",berlin,berlin,germany,2024,2,17
3764982974,machine learning developer,mindpal,We are looking for Machine Learning Developer Job Responsibilities Working on machine learning projects Analyzing and processing data to create machine learning models Implementing and optimizing machine learning algorithms Testing and evaluating models Collaborating with the programming team and other departments within the company to develop innovative solutions Requirements Minimum 2 years of experience in the field of machine learning Knowledge of machine learning algorithms and techniques Ability to analyze and process data Familiarity with machine learning tools and technologies Proficient in English communication Education in computer science We Offer B2B contract type Full-time employment Remote and flexible working hours,d√ºsseldorf,north rhinewestphalia,germany,2023,11,14
3837683576,junior ai developer stage,proxima group,"Proxima √® un gruppo di aziende con skill funzionali e tecnologiche innovative, che mettono a fattor comune la propria esperienza in un‚Äôofferta congiunta di sviluppo di soluzioni all‚Äôinterno della nostra Software Factory. Offriamo consulenza e servizi di Application Management e Quality Assurance. √à in partenza il nuovo progetto di Smart Search basato sull'IA all'interno della nostra Software Factory aziendale. Siamo alla ricerca di giovani talenti da inserire all‚Äôinterno di LAB+, il nostro laboratorio di training on the job. Chi cerchiamo? Siamo alla ricerca di neolaureat* in informatica o simili o diplomat* in discipline tecnico scientifiche che abbiano gi√† preso parte ad un corso professionalizzante/Academy. Nel LAB+ le risorse verranno inserite in un percorso di training on the job volto a fornire una comprensione approfondita del processo di sviluppo, dell‚Äôambiente architetturale e competenze come sviluppatore Back End con specializzazione in Java e Python. Dove e come? Roma, in presenza presso la sede Direzionale di Proxima Group (Via della Maglianella, 65R). LAB + prevede un inserimento in stage della durata di 6 mesi con formula 3 + 3. Alle risorse pi√π meritevoli verr√† proposto un inserimento in azienda. L'impegno stabilito √® di 8 ore giornaliere/40 ore settimanali. Di cosa ti occuperai? Il LAB+ ti fornir√† una base solida di conoscenze teoriche e competenze pratiche attraverso l‚Äôesperienza diretta nello sviluppo software: Acquisirai competenze in tema di IA e sviluppo software, oltre che competenze trasversali utili per il lavoro di developer/consulente; Parteciperai allo sviluppo del Motore tramite la scelta e l'implementazione di algoritmi, la raccolta e la pulizia dei dati, la creazione di modelli e la loro ottimizzazione; Collaborerai in un Team Multidisciplinare composto da ingegneri del software, data scientist, e specialisti in machine learning; Adopererai di prima mano strumenti tecnologici complessi e di ultima generazione. Hai queste competenze? Laurea in informatica o simili o diploma in discipline tecnico scientifiche + corso professionalizzante/Academy Hai una conoscenza base di un linguaggio di programmazione ad oggetti, preferibilmente Java o Python Conosci i principali sistemi operativi Conosci i Pattern Design architetturali Possiedi una conoscenza base di SQL/NOSQL Hai una conoscenza base Networking Hai un forte interesse nel settore dell‚ÄôIA e del Machine Learning Sei il candidato ideale se‚Ä¶ Possiedi ottime capacit√† relazionali e di team working, sei una persona fortemente motivata e proattiva Cosa offriamo? INSERIMENTO IN STAGE 3 MESI + 3 MESI RIMBORSO 800‚Ç¨/MESE BUONI PASTO I nostri benefit PERCORSI DI CARRIERA Abbiamo un articolato sistema di valutazione delle competenze e misurazione delle performance che consente al dipendente di crescere insieme a noi. FORMAZIONE PROFESSIONALIZZANTE Offriamo percorsi di formazione e di aggiornamento professionale con taglio tecnico/pratico su tematiche in ambito ICT. Ogni famiglia tecnologica ha uno o pi√π ICT trainer di riferimento, che, lavorando in piena sinergia con l‚Äôarea HR, valuta e propone percorsi di formazione continua customizzati sulla crescita professionale di ogni dipendente. SCONTI E PROMOZIONI RISERVATE Abbiamo stabilito degli accordi con delle piattaforme per riservare ai nostri dipendenti scontistica e promozioni esclusive. Il presente annuncio √® rivolto a entrambi i sessi, ai sensi delle leggi 903/77 e 125/91, e a persone di tutte le et√† e tutte le nazionalit√†, ai sensi dei decreti legislativi 215/03 e 216/03.",rome,latium,italy,2024,2,22
3764989126,machine learning developer,mindpal,We are looking for Machine Learning Developer Job Responsibilities Working on machine learning projects Analyzing and processing data to create machine learning models Implementing and optimizing machine learning algorithms Testing and evaluating models Collaborating with the programming team and other departments within the company to develop innovative solutions Requirements Minimum 2 years of experience in the field of machine learning Knowledge of machine learning algorithms and techniques Ability to analyze and process data Familiarity with machine learning tools and technologies Proficient in English communication Education in computer science We Offer B2B contract type Full-time employment Remote and flexible working hours,charleroi,walloon region,belgium,2023,11,14
3821864836,machine learning developer,mindpal,We are looking for Machine Learning Developer Job Responsibilities Working on machine learning projects Analyzing and processing data to create machine learning models Implementing and optimizing machine learning algorithms Testing and evaluating models Collaborating with the programming team and other departments within the company to develop innovative solutions Requirements Minimum 2 years of experience in the field of machine learning Knowledge of machine learning algorithms and techniques Ability to analyze and process data Familiarity with machine learning tools and technologies Proficient in English communication Education in computer science We Offer B2B contract type Full-time employment Remote and flexible working hours,paris,√Æledefrance,france,2024,1,10
3764990010,machine learning developer,mindpal,We are looking for Machine Learning Developer Job Responsibilities Working on machine learning projects Analyzing and processing data to create machine learning models Implementing and optimizing machine learning algorithms Testing and evaluating models Collaborating with the programming team and other departments within the company to develop innovative solutions Requirements Minimum 2 years of experience in the field of machine learning Knowledge of machine learning algorithms and techniques Ability to analyze and process data Familiarity with machine learning tools and technologies Proficient in English communication Education in computer science We Offer B2B contract type Full-time employment Remote and flexible working hours,rotterdam,south holland,netherlands,2023,11,14
3709257563,machine learning engineer,in4ge,"Aktualnie do jednego z projekt√≥w, kt√≥ry realizujemy dla naszego Klienta, poszukujemy osoby na stanowisko Machine Learning Engineer. Rola: Machine Learning Engineer Lokalizacja: Warszawa Tryb: hybrydowy / zdalnie Czym Bƒôdziesz Siƒô Zajmowa≈Ç/a Poszukujemy do≈õwiadczonego In≈ºyniera Machine Learning, kt√≥ry do≈ÇƒÖczy do naszego odpowiedzialnego za rozwijanie i wdra≈ºanie rozwiƒÖza≈Ñ opartych na uczeniu maszynowym. Osoba na tym stanowisku bƒôdzie uczestniczyƒá w projektowaniu, trenowaniu i optymalizacji modeli ML, w celu dostarczenia innowacyjnych produkt√≥w i us≈Çug. Nasze Wymagania Wykszta≈Çcenie wy≈ºsze w dziedzinie informatyki, nauk ≈õcis≈Çych, matematyki lub pokrewnych. Do≈õwiadczenie w pracy z algorytmami uczenia maszynowego oraz g≈Çƒôbokim uczeniem. Umiejƒôtno≈õƒá programowania w jƒôzykach takich jak Python, TensorFlow, PyTorch. Zrozumienie matematycznych i statystycznych podstaw uczenia maszynowego. Znajomo≈õƒá narzƒôdzi do eksploracji danych i przetwarzania sygna≈Ç√≥w. Do≈õwiadczenie w przetwarzaniu i analizie du≈ºych zbior√≥w danych. Umiejƒôtno≈õƒá przekszta≈Çcania teorii ML na praktyczne rozwiƒÖzania. Znajomo≈õƒá jƒôzyka angielskiego na poziomie min. B2. Znajomo≈õƒá jƒôzyka polskiego na poziomie min. C1. Mo≈ºemy Zaoferowaƒá Mo≈ºliwo≈õƒá rozwoju w strukturach organizacji dla kt√≥rej bƒôdziesz realizowaƒá zdania. Wsparcie do≈õwiadczonych w swoich dziedzinach ekspert√≥w. PrzyjaznƒÖ i szanujƒÖcƒÖ kulturƒô pracy, opartƒÖ na wzajemnym zaufaniu, szacunku i uczciwo≈õci Wsp√≥≈Çpracƒô w oparciu o umowƒô B2B i atrakcyjne wynagrodzenie.",warsaw,mazowieckie,poland,2023,8,31
3842923698,data scientist,digital skills ltd,"Data Scientist Remote / Amsterdam (Hybrid Working) 9-month contract ‚Ç¨90 - ‚Ç¨110 per hour ‚Äì based on a 40-hour working week. Digital Skills is proud to partner with a leading global travel agency in their search for a dynamic Data Scientist. We are seeking an accomplished individual who can leverage data to deliver actionable insights, driving strategic decisions for the organization. Role Overview: As a member of our data science team, you will collaborate with stakeholders across the company to extract valuable insights from complex datasets. Your role will involve translating business challenges into data problems, employing statistical analysis and modelling techniques to provide practical solutions. A successful candidate will excel in data storytelling, effectively communicating findings to drive business actions. Key Responsibilities: ¬∑ Analyse large datasets to derive actionable insights. ¬∑ Translate business challenges into data problems and develop effective solutions. ¬∑ Identify, source, and prepare data for analysis. ¬∑ Proactively engage and manage stakeholders through effective communication. ¬∑ Utilize data visualization techniques to communicate findings. ¬∑ Design and interpret quantitative experiments to guide decision-making. ¬∑ Thrive in a fast-paced environment, taking ownership of tasks and adapting quickly. ¬∑ Collaborate with team members, challenging ideas and methods. ¬∑ Ensure the quality and reproducibility of work through peer review. ¬∑ Apply data mining techniques with statistical rigor. ¬∑ Present complex analysis results convincingly to stakeholders. ¬∑ Incorporate scalability and long-term orientation into data science projects. Key Skills: ¬∑ Minimum 6 years of relevant experience as a Data Scientist. ¬∑ Proficiency in data analysis, statistics, machine learning, programming, and experimentation. ¬∑ Strong working knowledge of Hadoop, Spark, SQL, Python, and/or R, Git. ¬∑ Ability to translate business problems into data problems effectively. ¬∑ Expertise in data visualization and storytelling. ¬∑ Solid understanding of statistics and experimentation. ¬∑ Familiarity with data management concepts such as data pipelines and workflows. ¬∑ Experience with various data analysis and modelling techniques. ¬∑ Experience with attribution modelling is desirable. If you believe your skills and aspirations align with this role, we enthusiastically encourage you to apply without hesitation. If you feel that this opportunity suits your qualifications and interests, please don't hesitate to submit your application.",amsterdam area,amsterdam area,amsterdam area,2024,2,29
3764990012,machine learning developer,mindpal,We are looking for Machine Learning Developer Job Responsibilities Working on machine learning projects Analyzing and processing data to create machine learning models Implementing and optimizing machine learning algorithms Testing and evaluating models Collaborating with the programming team and other departments within the company to develop innovative solutions Requirements Minimum 2 years of experience in the field of machine learning Knowledge of machine learning algorithms and techniques Ability to analyze and process data Familiarity with machine learning tools and technologies Proficient in English communication Education in computer science We Offer B2B contract type Full-time employment Remote and flexible working hours,prague,prague,czechia,2023,11,14
3764988222,machine learning developer,mindpal,We are looking for Machine Learning Developer Job Responsibilities Working on machine learning projects Analyzing and processing data to create machine learning models Implementing and optimizing machine learning algorithms Testing and evaluating models Collaborating with the programming team and other departments within the company to develop innovative solutions Requirements Minimum 2 years of experience in the field of machine learning Knowledge of machine learning algorithms and techniques Ability to analyze and process data Familiarity with machine learning tools and technologies Proficient in English communication Education in computer science We Offer B2B contract type Full-time employment Remote and flexible working hours,budapest,budapest,hungary,2023,11,14
3832131774,internship  deep learning and ai research,netatmo,"Company Description At Netatmo, we are all about the Smart Home! Our mission is to design products that make your home safer, more comfortable and ultimately more eco-friendly. Since November 2018, Netatmo has become a part of the Legrand group ‚Äì a global leader in electrical and digital infrastructure for buildings, with millions of users all over the world. We continue to develop our brand and products autonomously. Manage your heating and energy savings thanks to our Smart Thermostat, detect the presence of intruders using our cameras, which combine artificial intelligence and image processing software, ‚Ä¶ We also collaborate with strategic partners including the Muller Group, Velux and Legrand to create a range of products that will revolutionise your home. With an international team of 250 motivated and passionated individuals with over 20 nationalities represented amongst our teams primarily located in the Paris region, Netatmo is always on the lookout for new talent to promote its development. Job Description Your future team In the Vision team, we focus on designing and developing AI algorithms on the edge, to enable innovative features and applications for the Netatmo smart camera product range. In practice, this implies developing scalable, highly-reliable and low latency computer vision embedded software, with user privacy and product usefulness in mind. We tackle a wide range of computer vision applications (classification, detection, segmentation, tracking ‚Ä¶), where we develop, adapt and improve state of the art algorithms (SOTA) that are suited for our constrained hardware. We are a Research and Development team, and as such we keep up with recent trends in AI and in computer vision in particular, and strive to push to limits of what's achievable on our products. All the while ensuring that our design choices and research efforts are tempered with a healthy dose of pragmatism. Your role As an intern, you‚Äôll be an integral part of the Vision team and will be responsible of reviewing, implementing and improving SOTA approaches and proofs of concepts (POCs) that aim at enhancing existing features or develop new ones for our products. Depending on the feature at hand, and the maturity of the proposed approach, you may be involved with the feature deployment process. Examples Of Projects You Might Tackle Include Building lightweight neural networks for object classification and detection Dealing with unlabeled data and domain shift through self-supervision/semi-supervision Developing reliable tracking algorithms for low resource hardware Etc ‚Ä¶ During these projects your key responsibilities will be to, with our Support Review SOTA approaches, and select the most suitable candidates Based on these candidates, propose an approach for solving the task at hand and an evaluation protocol Implement, evaluate and refine your approach communicate your findings and challenges Qualifications You ? Are passionate about machine learning Performed machine/deep learning projects: whatever the application is, the most important thing is that you master what you do Have good programming skills: Python, C/C++ Have good communication skills (English or French) Demonstrate pragmatic approaches to solve new problems Read many machine learning or computer vision scientific papers You‚Äôll work together with a dream team of researchers and embedded software experts to design the future of our smart homes! If you find yourself in this position, don‚Äôt hesitate to apply! Additional Information Beyond an attractive package, as an employee at Netatmo you will receive a free sample of each Netatmo product. You'll be able to participate in Meetups and Tech or Business conferences, become Net@fit by joining our sports classes (Pilates, Yoga, Boxing, Crossfit, ‚Ä¶) Football, Running or Ping-pong teams, enjoy fresh fruits daily, develop your music skills with Net@sound, participate in our afterwork events, birthday breakfasts, BBQ with the Boss, international lunches and a range of other events.",boulognebillancourt,√Æledefrance,france,2024,2,16
3838823838,ai / ml engineer (midlevel),contractfit,"Company Description Become part of the most promising SaaS company in Intelligent Automation. Our solution automates cognitive tasks, reducing the workloads from critical but repetitive business processes. Check out what we do in this video. Are you the AI/ML Engineer we are looking for, and will we together realize our bold ambitions? Join our team and further build the self-learning technology in our intelligent automation product. Job Description What will you do? Work on real world AI problems with real data Work closely with our clients to deploy and train our product for their specific use-cases Further advance our in-house research in collaboration with our academic partners Bring your results from development to production for our clients Tackle difficult problems as part of a highly efficient team Advance the various aspects of our self-learning product in line with our roadmap Above all, ship lots of high-quality code in every sprint! Qualifications Who are you? A brilliant engineer that likes to translate business challenges into cutting-edge technical solutions Very proficient in Python with demonstrated good coding practices At least 2 years of experience in building and bringing ML models to production You pride yourself in seeing the impact from your work in a product that is used daily Comfortable in an Agile development methodology Some experience in CI/CD and pipelines (GitHub, GitLab, Jenkins or Bitbucket) Additional Information What do we offer you? Unique coding and technical challenges with many opportunities to learn and improve skills Attractive salary, bonus scheme and stock option plan A biking mileage reimbursement or public transport subscription Quarterly offsites, frequent after work drinks, etc. 25 days vacations per year, allowed from your first year, in addition to public holidays Attractive salary package with holiday pay in June and end of year pay in December Hospitalization insurance, disability coverage, life insurance, and extra pension contribution Mobile phone plan, eco-cheques, and monthly net stipend",brussels,brussels region,belgium,2024,2,26
3842328960,data scientist,niki digital engineering,"NIKI is looking for graduates of Computer Science, Physics, Mathematics, or Engineering Science (e.g., Computational, Electrical, Mechanical, Aerospace) or similar disciplines for Big Data analysis and management in the cloud for the automotive industry. Become a member of NIKI Digital Engineering! If you have completed your studies or doctorate and are looking for new challenges, interdisciplinary and diverse teams and projects, send us your resume. If you have completed your studies or doctorate and are looking for new challenges, interdisciplinary and diverse teams, and projects, send us your resume. Our strategy is to transfer the know-how into practice. TWT is our close and lasting partner that accompanies our vision. Within the framework of our close and daily cooperation, we design solutions for the customers and partners of TWT, such as Daimler, Mercedes, BMW, Audi, Porsche, CARIAD, IBM, Samsung, and Microsoft. Our interdisciplinary backgrounds and competencies in IT, Digital Engineering, and Consulting actualize our solutions accompanied by our visions. What To Expect Be a member of a TOP team: Highly qualified, innovative, and interconnected Get involved with topics at the forefront of the technology: Artificial Intelligence, Autonomous Driving, E-Mobility, Model Based Systems Engineering, or Virtual Experience Acquire social skills and engage with professionals in the field of data science Collaborate with international groups of professionals on different projects Advance your knowledge and career towards managerial roles A dynamic, challenging environment resulting in continuous learning/education/professional progress An enjoyable and international work culture Ability to expand knowledge and responsibilities An opportunity to influence the direction of a fast-growing area of the business Task Description Organize and visualize data stemming from vehicle fleets, actual production processes, or testing/simulation processes Develop reports and statistical analyses Provide Quality Assurance of imported data, working with quality assurance analysts if necessary Work to develop modern ETL frameworks and custom applications for Data pipelines and Big Data technologies for our customers Provide recommendations to the customer on optimal Big Data management based on our IT and engineering know-how Basic Qualifications Experience with Object Oriented Python, Matlab, C++, C#, or Java Good understanding or experience with Big Data, Statistical Analysis, and Big Data Visualization Experience with sequential Data Bases (Oracle, MySql, Postgresql) Excellent command of the English language and technical terminology Preferred Qualifications Experience with Scala and SBT-build Experience with Apache Spark/Databricks Experience with data lakes/data warehouses in Azure or AWS Good command of the German language What We Offer Structured learning on the job, professional feedback, and a mentor open to all your questions Innovative, highly technically demanding industry and research projects, interdisciplinary teams, and highly qualified colleagues Open doors, and the chance to take over responsibility quickly ‚Äì participate, shape, and leave your fingerprint Discover new talents and shape your career path: Become a specialist, project manager, or manager Simultaneous, collaborative work using modern digital platforms Workplace flexibility Flexible working hours thanks to our attractive flextime model - only compatible projects Enjoy working with great colleagues in your day-to-day work Are you intrigued to find out more about this position? Then apply for a job with us!",katsik√°s,epirus,greece,2024,2,28
3764989084,machine learning developer,mindpal,We are looking for Machine Learning Developer Job Responsibilities Working on machine learning projects Analyzing and processing data to create machine learning models Implementing and optimizing machine learning algorithms Testing and evaluating models Collaborating with the programming team and other departments within the company to develop innovative solutions Requirements Minimum 2 years of experience in the field of machine learning Knowledge of machine learning algorithms and techniques Ability to analyze and process data Familiarity with machine learning tools and technologies Proficient in English communication Education in computer science We Offer B2B contract type Full-time employment Remote and flexible working hours,bruges,flemish region,belgium,2023,11,14
